YEAR,ROUND,TEAM1,TEAM2,SEEDDIFF,OFF FGP,DEF FGP,OFF FTR,DEF FTR,OFF RP,DEF RP,OFF TOP,DEF TOP,OFF 3PP,DEF 3PP,OFF 2PP,DEF 2PP,OFF FTP,DEF FTP,OFF 3PR,DEF 3PR,TEAM1WINS
2024,5,Connecticut,North Carolina,15,-5.800000000000004,1.3000000000000043,3.499999999999993,-4.199999999999999,-3.6999999999999957,-3.3000000000000007,-0.5,-1.299999999999999,-1.3000000000000043,-0.5,-8.200000000000003,2.299999999999997,1.2000000000000028,2.200000000000003,-5.0,2.8999999999999986,0.5
2024,5,Houston,Tennessee,16,1.7999999999999972,1.3999999999999986,4.400000000000006,-3.200000000000003,-4.5,-1.5999999999999979,0.9000000000000004,-5.800000000000001,-0.5,1.3999999999999986,3.200000000000003,0.8999999999999986,5.5,3.700000000000003,4.699999999999996,0.5,0.5
2024,6,Connecticut,Houston,15,-7.399999999999999,-1.1000000000000014,-3.4000000000000057,6.5,0.3999999999999986,3.3999999999999986,-1.200000000000001,8.5,-2.0,-1.8999999999999986,-10.100000000000001,-0.30000000000000426,-4.799999999999997,-5.200000000000003,-4.299999999999997,7.699999999999996,0.5
2024,6,Connecticut,Tennessee,16,-5.600000000000001,0.29999999999999716,1.0,3.299999999999997,-4.100000000000001,1.8000000000000007,-0.3000000000000007,2.6999999999999993,-2.5,-0.5,-6.899999999999999,0.5999999999999943,0.7000000000000028,-1.5,0.3999999999999986,8.199999999999996,0.5
2024,6,North Carolina,Houston,15,-1.5999999999999943,-2.4000000000000057,-6.899999999999999,10.7,4.099999999999994,6.699999999999999,-0.7000000000000011,9.799999999999999,-0.6999999999999957,-1.3999999999999986,-1.8999999999999986,-2.6000000000000014,-6.0,-7.400000000000006,0.7000000000000028,4.799999999999997,0.5
2024,6,North Carolina,Tennessee,16,0.20000000000000284,-1.000000000000007,-2.499999999999993,7.4999999999999964,-0.4000000000000057,5.100000000000001,0.1999999999999993,3.9999999999999982,-1.1999999999999957,0.0,1.3000000000000043,-1.7000000000000028,-0.5,-3.700000000000003,5.399999999999999,5.299999999999997,0.5
